book_id,chap_num,PC0,PC1,PC2,PC3,PC4,PC5,PC6,PC7,PC8,PC9,title,chapter_regex,book_len,n_chaps,kendall_sum,doc
1,1.0,-0.07769083259224922,-0.009484337511866725,-0.15362671409982145,0.04671079426253691,-0.1458076225318723,-0.10404673045416385,-0.023179384282296434,-0.16655357604216148,0.11878877546928601,0.05279749308167085,Harry Potter and the Philosopher's Stone,^\s*([A-Z'\s]+|[A-Z\s]+)\s*,80277,17,1.5126863709138716,Harry Potter and the Philosopher's Stone 1.0
1,2.0,-0.1978609438270182,-0.12445032397963343,-0.06358530003884484,0.01778674498897921,0.014053753930662438,0.053039255464691834,-0.41052294332811323,-0.15436452538940193,-0.3346832807895193,0.02076396672878412,Harry Potter and the Philosopher's Stone,^\s*([A-Z'\s]+|[A-Z\s]+)\s*,80277,17,1.5126863709138716,Harry Potter and the Philosopher's Stone 2.0
1,3.0,-0.07610367959339849,0.018462619299992572,-0.2583260671132696,0.12463618264432556,-0.13967857580181112,0.06194064355028372,-0.2501632528947365,-0.2759682717714689,-0.007534648078256152,0.008870644951026962,Harry Potter and the Philosopher's Stone,^\s*([A-Z'\s]+|[A-Z\s]+)\s*,80277,17,1.5126863709138716,Harry Potter and the Philosopher's Stone 3.0
1,4.0,0.6897912616989103,-0.4317477872306951,-0.13160922719205626,-0.0982897700534144,-0.13854283038119103,-0.06545361749657515,-0.044334317378998886,-0.08866734548424518,-0.039606105144926664,0.10667788199069417,Harry Potter and the Philosopher's Stone,^\s*([A-Z'\s]+|[A-Z\s]+)\s*,80277,17,1.5126863709138716,Harry Potter and the Philosopher's Stone 4.0
1,5.0,0.5279629225876841,-0.2634679540686806,-0.20731297882888422,-0.04365675394906496,-0.06827175463384252,-0.13676822129815,-0.09678258855306683,0.04469090283122332,0.018064842616420294,0.11567855290504234,Harry Potter and the Philosopher's Stone,^\s*([A-Z'\s]+|[A-Z\s]+)\s*,80277,17,1.5126863709138716,Harry Potter and the Philosopher's Stone 5.0
1,6.0,0.00026222344926435555,0.04080558730935843,-0.20677490012407468,0.2882097728146525,0.16957457630522516,-0.4317466431950837,0.020547847817171318,0.05813359554474652,-0.16287957235759346,-0.09233838181428812,Harry Potter and the Philosopher's Stone,^\s*([A-Z'\s]+|[A-Z\s]+)\s*,80277,17,1.5126863709138716,Harry Potter and the Philosopher's Stone 6.0
1,7.0,-0.008438655631299677,0.12720649287872304,0.07806575546736538,0.020243009162177743,0.19948079103376312,-0.2756363142368945,-0.017511544184458896,0.07761884946745057,-0.06140945926216125,0.1929297710125549,Harry Potter and the Philosopher's Stone,^\s*([A-Z'\s]+|[A-Z\s]+)\s*,80277,17,1.5126863709138716,Harry Potter and the Philosopher's Stone 7.0
1,8.0,0.16450569704125106,0.21787453259587017,0.0038450983191203134,-0.18261299162499775,0.19700820048881706,0.03189330153677036,-0.1433920899495001,-0.1491039788003941,-0.08042251299273949,0.1517774444613172,Harry Potter and the Philosopher's Stone,^\s*([A-Z'\s]+|[A-Z\s]+)\s*,80277,17,1.5126863709138716,Harry Potter and the Philosopher's Stone 8.0
1,9.0,0.08643649077538786,0.1706137436166037,0.2666282700635872,0.3031179079062914,0.04752515808911431,-0.032124924774112794,-0.05382848282637599,-0.11559633712530555,-0.0033253002793910275,0.24039895978855444,Harry Potter and the Philosopher's Stone,^\s*([A-Z'\s]+|[A-Z\s]+)\s*,80277,17,1.5126863709138716,Harry Potter and the Philosopher's Stone 9.0
1,10.0,0.10569305203766893,0.22268010552511236,0.22379868299734068,0.26481178422636487,-0.0713303419161675,0.08740344357434632,-0.030468393046073503,-0.04011285430503494,-0.0505846163845694,0.03580364246718917,Harry Potter and the Philosopher's Stone,^\s*([A-Z'\s]+|[A-Z\s]+)\s*,80277,17,1.5126863709138716,Harry Potter and the Philosopher's Stone 10.0
1,11.0,0.15771014924444343,0.13779594875253773,0.2567611845687007,0.3907457476358117,-0.20243708863087478,0.07981227293604298,-0.011969615420200648,0.07407333097087218,-0.0471730609839384,0.028080216428214243,Harry Potter and the Philosopher's Stone,^\s*([A-Z'\s]+|[A-Z\s]+)\s*,80277,17,1.5126863709138716,Harry Potter and the Philosopher's Stone 11.0
1,12.0,0.023550498277049872,0.037436792238016235,-0.009858574820287236,-0.012774028485009666,-0.09181381566668002,-0.08688221403914212,-0.022452515580220267,0.09138001323649808,-0.03184490583947151,-0.03514923907454511,Harry Potter and the Philosopher's Stone,^\s*([A-Z'\s]+|[A-Z\s]+)\s*,80277,17,1.5126863709138716,Harry Potter and the Philosopher's Stone 12.0
1,13.0,0.12108647017619723,0.17164913546474472,0.2421059877281232,0.3307486411640461,-0.17260642637040882,0.04734437824557104,0.027320661733359425,0.14024514588313905,-0.15390367020214532,-0.08596708992412391,Harry Potter and the Philosopher's Stone,^\s*([A-Z'\s]+|[A-Z\s]+)\s*,80277,17,1.5126863709138716,Harry Potter and the Philosopher's Stone 13.0
1,14.0,0.4275272779689025,-0.21775815915533478,-0.03447729117243605,-0.021485825556545303,-0.06146167946756466,0.03654809951237827,-0.17930327022701703,0.1466043502809052,0.18078445055890383,0.06766632320777971,Harry Potter and the Philosopher's Stone,^\s*([A-Z'\s]+|[A-Z\s]+)\s*,80277,17,1.5126863709138716,Harry Potter and the Philosopher's Stone 14.0
1,15.0,0.46372075043938804,-0.328769447380094,0.13202167375324356,-0.06408211665993012,-0.046498420379721905,0.03788316700792206,-0.01657975069779355,-0.0410130578917816,-0.07399061223450148,-0.24563848106639713,Harry Potter and the Philosopher's Stone,^\s*([A-Z'\s]+|[A-Z\s]+)\s*,80277,17,1.5126863709138716,Harry Potter and the Philosopher's Stone 15.0
1,16.0,0.196184424676472,-0.04664013347089867,0.13746079362047553,0.04871040454184131,-0.00485433376279315,-0.01775714712350119,-0.1142331548048479,-0.0032342971330443435,0.16784006988240235,0.11146127922066666,Harry Potter and the Philosopher's Stone,^\s*([A-Z'\s]+|[A-Z\s]+)\s*,80277,17,1.5126863709138716,Harry Potter and the Philosopher's Stone 16.0
1,17.0,0.07985292910395891,-0.08649523268808348,0.09698613119084007,-0.13534500032127392,-0.26650867940836315,-0.12458473939083053,0.05321460882978549,0.03087340898990451,-0.10835975161517317,0.028976063504851265,Harry Potter and the Philosopher's Stone,^\s*([A-Z'\s]+|[A-Z\s]+)\s*,80277,17,1.5126863709138716,Harry Potter and the Philosopher's Stone 17.0
2,1.0,-0.11256211331899563,0.004958454255013029,-0.23946253702583586,0.16838614444719635,-0.14554923753673799,0.09196335601936323,-0.16767586588617123,-0.09563463953087828,-0.0355614033096778,0.00515364458633746,Harry Potter and the Chamber of Secrets,"^[^\S
]*([A-Z][^a-z]*)((?:
(?![^\S
]*[A-Z][^a-z
]*$).*)*)$",88098,18,1.470394615014049,Harry Potter and the Chamber of Secrets 1.0
2,2.0,-0.08662967565633853,0.21521185392481226,0.04745529314845038,-0.3034813219262912,-0.4992056128216467,-0.38932367894955516,-0.1607151029336988,-0.223911452638706,0.0763493040733653,-0.10697766113539045,Harry Potter and the Chamber of Secrets,"^[^\S
]*([A-Z][^a-z]*)((?:
(?![^\S
]*[A-Z][^a-z
]*$).*)*)$",88098,18,1.470394615014049,Harry Potter and the Chamber of Secrets 2.0
2,3.0,-0.06255495068020067,0.019371020111220445,-0.22278738334031792,0.18233244867902682,-0.10549355871995322,-0.03485447919467068,-0.17638326689253236,0.030540022217148795,-0.008857414361855654,-0.0717298911655911,Harry Potter and the Chamber of Secrets,"^[^\S
]*([A-Z][^a-z]*)((?:
(?![^\S
]*[A-Z][^a-z
]*$).*)*)$",88098,18,1.470394615014049,Harry Potter and the Chamber of Secrets 3.0
2,4.0,0.12880950369908223,0.008263338734550301,-0.1978859042303086,-0.0041495173552654275,-0.14765453860548183,-0.061331863328435876,-0.08391476467298586,0.09723501482057473,0.06510943098244176,0.08955599314923007,Harry Potter and the Chamber of Secrets,"^[^\S
]*([A-Z][^a-z]*)((?:
(?![^\S
]*[A-Z][^a-z
]*$).*)*)$",88098,18,1.470394615014049,Harry Potter and the Chamber of Secrets 4.0
2,5.0,-0.05362220181365708,0.000767276444942698,-0.044398120000087006,0.20809139914397157,0.20651909417320377,-0.3576528639421429,0.012993242326683589,0.0335170742651067,-0.058864571528711024,-0.12930389460950673,Harry Potter and the Chamber of Secrets,"^[^\S
]*([A-Z][^a-z]*)((?:
(?![^\S
]*[A-Z][^a-z
]*$).*)*)$",88098,18,1.470394615014049,Harry Potter and the Chamber of Secrets 5.0
2,6.0,0.022619923101820028,0.15994124311541388,-0.037708102470397506,-0.02958109988870305,0.17225732949259248,0.09868870365964891,-0.09724783251163836,-0.07427074745499222,0.04989286765796651,-0.022686563163658992,Harry Potter and the Chamber of Secrets,"^[^\S
]*([A-Z][^a-z]*)((?:
(?![^\S
]*[A-Z][^a-z
]*$).*)*)$",88098,18,1.470394615014049,Harry Potter and the Chamber of Secrets 6.0
2,7.0,0.4117863127779764,0.02825719838593585,0.15028151979657423,0.2712778416942517,-0.18680843884223872,0.04907238965634245,0.0466934138910787,0.052841023577876796,-0.15533111609745726,0.04424608423163624,Harry Potter and the Chamber of Secrets,"^[^\S
]*([A-Z][^a-z]*)((?:
(?![^\S
]*[A-Z][^a-z
]*$).*)*)$",88098,18,1.470394615014049,Harry Potter and the Chamber of Secrets 7.0
2,8.0,0.003474836247864096,0.23369122104104495,0.17679554481302456,-0.06992465477279647,0.03573965238120863,-0.22392688347268222,-0.11796575235285844,-0.1516604175734457,0.09850534598387597,0.25693634647823654,Harry Potter and the Chamber of Secrets,"^[^\S
]*([A-Z][^a-z]*)((?:
(?![^\S
]*[A-Z][^a-z
]*$).*)*)$",88098,18,1.470394615014049,Harry Potter and the Chamber of Secrets 8.0
2,9.0,0.004714189759413567,0.23098585413899925,0.02388686924553639,-0.10859226008704584,0.11576239162706266,0.0009560679731081233,-0.01597379029422404,-0.043861439706892796,-0.04961721466571858,0.04481379616466159,Harry Potter and the Chamber of Secrets,"^[^\S
]*([A-Z][^a-z]*)((?:
(?![^\S
]*[A-Z][^a-z
]*$).*)*)$",88098,18,1.470394615014049,Harry Potter and the Chamber of Secrets 9.0
2,10.0,0.030135073469676015,0.3031194791094578,0.27282551236651087,-0.05855092918122484,-0.31754969844640196,-0.17270379150597862,-0.07698161554118364,-0.03326019813575139,-0.02622937276774669,-0.05336557651653791,Harry Potter and the Chamber of Secrets,"^[^\S
]*([A-Z][^a-z]*)((?:
(?![^\S
]*[A-Z][^a-z
]*$).*)*)$",88098,18,1.470394615014049,Harry Potter and the Chamber of Secrets 10.0
2,11.0,-0.015586902649340116,-0.013487864965572496,0.19277679080532428,-0.08048415485719321,0.2416378727860068,0.001026672134205011,-0.2929881892614137,-0.05181572123484268,-0.3015747941420588,0.19612146402755476,Harry Potter and the Chamber of Secrets,"^[^\S
]*([A-Z][^a-z]*)((?:
(?![^\S
]*[A-Z][^a-z
]*$).*)*)$",88098,18,1.470394615014049,Harry Potter and the Chamber of Secrets 11.0
2,12.0,0.01144089367080666,0.10534545097406722,0.06542716684973125,-0.0732549226903179,0.06337045731507912,-0.05219505716033873,-0.01839078938977144,0.07551570659703585,-0.032322818450250645,0.12169481089905634,Harry Potter and the Chamber of Secrets,"^[^\S
]*([A-Z][^a-z]*)((?:
(?![^\S
]*[A-Z][^a-z
]*$).*)*)$",88098,18,1.470394615014049,Harry Potter and the Chamber of Secrets 12.0
2,13.0,0.04804122187446629,0.1934221458915618,0.061955435740034176,-0.1411093795748476,-0.016489860321970036,-0.011344617908303947,-0.017355955970891682,-0.07328217142620774,-0.00764313484147873,-0.01841025971357458,Harry Potter and the Chamber of Secrets,"^[^\S
]*([A-Z][^a-z]*)((?:
(?![^\S
]*[A-Z][^a-z
]*$).*)*)$",88098,18,1.470394615014049,Harry Potter and the Chamber of Secrets 13.0
2,14.0,0.28816409050048963,0.0230676203585663,0.05210772512189334,0.062054984479300586,-0.03820021014612896,-0.015334590907268042,0.03022895649977518,0.052285908017266895,-0.06963901002563888,0.07887119342999534,Harry Potter and the Chamber of Secrets,"^[^\S
]*([A-Z][^a-z]*)((?:
(?![^\S
]*[A-Z][^a-z
]*$).*)*)$",88098,18,1.470394615014049,Harry Potter and the Chamber of Secrets 14.0
2,15.0,0.02081060031466162,-0.08382596143054832,0.1941881007627365,-0.10363766260226813,0.11509979984482249,-0.027374656307826494,-0.06998470307453239,-0.10389864981042593,-0.03994492363394512,-0.4081175880237809,Harry Potter and the Chamber of Secrets,"^[^\S
]*([A-Z][^a-z]*)((?:
(?![^\S
]*[A-Z][^a-z
]*$).*)*)$",88098,18,1.470394615014049,Harry Potter and the Chamber of Secrets 15.0
2,16.0,-0.09735823420470661,-0.005257843986748979,0.12302448598828916,-0.12280522524946066,0.12451294842030579,-0.02546963759751003,-0.12770641295497498,0.0014647508871411643,-0.18705607453211276,-0.05601633999364967,Harry Potter and the Chamber of Secrets,"^[^\S
]*([A-Z][^a-z]*)((?:
(?![^\S
]*[A-Z][^a-z
]*$).*)*)$",88098,18,1.470394615014049,Harry Potter and the Chamber of Secrets 16.0
2,17.0,-0.12207198014808839,-0.10850497297651533,0.1393110673076293,-0.010601889826975524,0.12396340322380373,-0.09850859849069692,-0.038506158956971535,0.027244424265202627,-0.115501337516014,-0.001600946685595097,Harry Potter and the Chamber of Secrets,"^[^\S
]*([A-Z][^a-z]*)((?:
(?![^\S
]*[A-Z][^a-z
]*$).*)*)$",88098,18,1.470394615014049,Harry Potter and the Chamber of Secrets 17.0
2,18.0,-0.08029116218602383,0.07743299213519925,0.008599859038989749,-0.0876278638612325,0.026314826544219443,-0.017668601090884792,0.11736042816594876,0.014231846846457714,-0.10111499308876931,0.006675640724216187,Harry Potter and the Chamber of Secrets,"^[^\S
]*([A-Z][^a-z]*)((?:
(?![^\S
]*[A-Z][^a-z
]*$).*)*)$",88098,18,1.470394615014049,Harry Potter and the Chamber of Secrets 18.0
3,1.0,-0.053254277259776175,0.08714575015692526,-0.25677805897896705,0.08314036979921544,-0.10322878895707047,0.132945028762701,-0.11632134700244244,-0.06980291961589306,0.022913872788679866,-0.08803729377010219,Harry Potter and the Prisoner of Azkaban,"^[^\S
]*([A-Z][^a-z]*)((?:
(?![^\S
]*[A-Z][^a-z
]*$).*)*)$",110954,22,1.4608323435695214,Harry Potter and the Prisoner of Azkaban 1.0
3,2.0,-0.11032373827797522,-0.004282604227591325,-0.2255714603006851,0.15977809341531374,-0.13050759744052748,0.006497485962599425,-0.13044926158417922,-0.09327764110148351,-0.016126236097886184,0.024748723320069468,Harry Potter and the Prisoner of Azkaban,"^[^\S
]*([A-Z][^a-z]*)((?:
(?![^\S
]*[A-Z][^a-z
]*$).*)*)$",110954,22,1.4608323435695214,Harry Potter and the Prisoner of Azkaban 2.0
3,3.0,-0.07667371707889142,-0.016685917215835525,-0.17682177215871003,0.09848702627851538,0.04278069195036208,-0.07946875293475134,-0.10684962153586358,0.00231630278223496,0.09778167662491213,0.03031109409204635,Harry Potter and the Prisoner of Azkaban,"^[^\S
]*([A-Z][^a-z]*)((?:
(?![^\S
]*[A-Z][^a-z
]*$).*)*)$",110954,22,1.4608323435695214,Harry Potter and the Prisoner of Azkaban 3.0
3,4.0,-0.013359502762284904,0.08983098889604937,-0.179253641781767,0.14911327514248007,-0.047610124992912096,-0.013887384652380673,-0.041069848728182076,0.08288086407139407,0.015845856422933485,0.0639749074887585,Harry Potter and the Prisoner of Azkaban,"^[^\S
]*([A-Z][^a-z]*)((?:
(?![^\S
]*[A-Z][^a-z
]*$).*)*)$",110954,22,1.4608323435695214,Harry Potter and the Prisoner of Azkaban 4.0
3,5.0,0.001803210456389934,0.05390714299508591,-0.09623650122964914,0.22306989581401138,0.29712257459941893,-0.426857228372837,0.19746774485787377,-0.012840941997715134,-0.13835828847985615,-0.03963634133235738,Harry Potter and the Prisoner of Azkaban,"^[^\S
]*([A-Z][^a-z]*)((?:
(?![^\S
]*[A-Z][^a-z
]*$).*)*)$",110954,22,1.4608323435695214,Harry Potter and the Prisoner of Azkaban 5.0
3,6.0,0.5066716189618431,-0.10522492608798148,-0.018256337303202856,-0.08882366222852732,0.09698596388910094,0.045972504770924,-0.04945195327943371,-0.13536217974053175,0.0011389516896406701,-0.00575782556772758,Harry Potter and the Prisoner of Azkaban,"^[^\S
]*([A-Z][^a-z]*)((?:
(?![^\S
]*[A-Z][^a-z
]*$).*)*)$",110954,22,1.4608323435695214,Harry Potter and the Prisoner of Azkaban 6.0
3,7.0,0.05174863956652659,0.2937696236860946,0.15214892454659967,-0.19097574163701428,0.18949993788133004,-0.08164046488432279,-0.16405542858898567,-0.21616314016902466,0.037965009913642926,0.22939845053830024,Harry Potter and the Prisoner of Azkaban,"^[^\S
]*([A-Z][^a-z]*)((?:
(?![^\S
]*[A-Z][^a-z
]*$).*)*)$",110954,22,1.4608323435695214,Harry Potter and the Prisoner of Azkaban 7.0
3,8.0,0.12666475187896523,0.3297616416575684,0.10478669373843122,-0.00833798897795268,0.0720740623774726,0.10384487024170466,0.06418489965795632,-0.1473542825297308,-0.01127095798210483,0.08082826809649235,Harry Potter and the Prisoner of Azkaban,"^[^\S
]*([A-Z][^a-z]*)((?:
(?![^\S
]*[A-Z][^a-z
]*$).*)*)$",110954,22,1.4608323435695214,Harry Potter and the Prisoner of Azkaban 8.0
3,9.0,0.11386198356744423,0.31839394190470927,0.3533156630472207,0.1417611083295638,-0.12247569128257213,-0.014664298573439732,0.08925882562967782,-0.16891194024251455,-0.06005651555918212,0.0033354308891062473,Harry Potter and the Prisoner of Azkaban,"^[^\S
]*([A-Z][^a-z]*)((?:
(?![^\S
]*[A-Z][^a-z
]*$).*)*)$",110954,22,1.4608323435695214,Harry Potter and the Prisoner of Azkaban 9.0
3,10.0,0.30615835826895815,-0.09756386238459452,0.019772167087069713,0.04331211984084258,-0.00419699811789806,0.057980475747187815,0.2755298149359897,-0.16312850754554442,-0.0048170281142374,0.04732989185745854,Harry Potter and the Prisoner of Azkaban,"^[^\S
]*([A-Z][^a-z]*)((?:
(?![^\S
]*[A-Z][^a-z
]*$).*)*)$",110954,22,1.4608323435695214,Harry Potter and the Prisoner of Azkaban 10.0
3,11.0,0.3206668397332618,-0.04905893287901769,0.007271572573480947,0.027025910274681778,-0.06113200118919545,0.029450112322840283,0.10933439460994257,-0.09623870763311856,-0.014880244341819272,0.01884450301893299,Harry Potter and the Prisoner of Azkaban,"^[^\S
]*([A-Z][^a-z]*)((?:
(?![^\S
]*[A-Z][^a-z
]*$).*)*)$",110954,22,1.4608323435695214,Harry Potter and the Prisoner of Azkaban 11.0
3,12.0,0.04239806888520961,0.22945491077354144,0.10745890798388058,0.07227297868077892,-0.04943719080482059,0.092257164293015,0.177993064801862,-0.1343895105947707,0.022301480090467753,-0.056217294247910686,Harry Potter and the Prisoner of Azkaban,"^[^\S
]*([A-Z][^a-z]*)((?:
(?![^\S
]*[A-Z][^a-z
]*$).*)*)$",110954,22,1.4608323435695214,Harry Potter and the Prisoner of Azkaban 12.0
3,13.0,0.1437225582996444,0.24672883933280898,0.3629021198932815,0.3954286191753262,-0.2649967325796124,0.08097893002764356,0.11788104594997177,-0.0077581074874128395,-0.10181539440479843,-0.046683801869161955,Harry Potter and the Prisoner of Azkaban,"^[^\S
]*([A-Z][^a-z]*)((?:
(?![^\S
]*[A-Z][^a-z
]*$).*)*)$",110954,22,1.4608323435695214,Harry Potter and the Prisoner of Azkaban 13.0
3,14.0,0.27100719479035884,-0.10423301943656609,-0.16740616237641553,-0.05143696368786502,-0.0008904424857470658,0.018158709920403308,0.06461111846912565,-0.09033064632096852,0.05227848415887349,0.011916439951637534,Harry Potter and the Prisoner of Azkaban,"^[^\S
]*([A-Z][^a-z]*)((?:
(?![^\S
]*[A-Z][^a-z
]*$).*)*)$",110954,22,1.4608323435695214,Harry Potter and the Prisoner of Azkaban 14.0
3,15.0,0.21289830476896277,0.22121417079553188,0.33707524476997375,0.32555010075057045,-0.08607084053780709,0.1403487748504026,-0.0006880210532253491,-0.0007338843910277074,-0.06537027059565317,-0.04193847452377748,Harry Potter and the Prisoner of Azkaban,"^[^\S
]*([A-Z][^a-z]*)((?:
(?![^\S
]*[A-Z][^a-z
]*$).*)*)$",110954,22,1.4608323435695214,Harry Potter and the Prisoner of Azkaban 15.0
3,16.0,0.3695992071739426,-0.1251926816318388,-0.10069836685555647,-0.08654957161713575,0.03836878598874983,0.06672705157798903,-0.034694458204642994,-0.04638861322133202,-0.025520541114574843,-0.03896310574248327,Harry Potter and the Prisoner of Azkaban,"^[^\S
]*([A-Z][^a-z]*)((?:
(?![^\S
]*[A-Z][^a-z
]*$).*)*)$",110954,22,1.4608323435695214,Harry Potter and the Prisoner of Azkaban 16.0
3,17.0,-0.123286597054674,-0.1678127805683709,0.15034051596558706,0.13164347956907807,0.0846163506924916,-0.05063016064366441,-0.021931846418214822,-0.14935674419222852,0.1766965841470483,0.042640730618131645,Harry Potter and the Prisoner of Azkaban,"^[^\S
]*([A-Z][^a-z]*)((?:
(?![^\S
]*[A-Z][^a-z
]*$).*)*)$",110954,22,1.4608323435695214,Harry Potter and the Prisoner of Azkaban 17.0
3,18.0,-0.10183331938658444,-0.0653266313187676,-0.03709834138887915,-0.02979324107724248,0.01523213545351268,0.05828514321000867,0.11690395058966015,-0.03830608105003131,0.029392419436320275,0.0631906550444961,Harry Potter and the Prisoner of Azkaban,"^[^\S
]*([A-Z][^a-z]*)((?:
(?![^\S
]*[A-Z][^a-z
]*$).*)*)$",110954,22,1.4608323435695214,Harry Potter and the Prisoner of Azkaban 18.0
3,19.0,-0.15464517720404436,-0.1727185339237141,0.09833004965045702,0.08004182262957606,0.019191347848765826,0.07469314760966694,0.1522194527537632,-0.23270021777552613,0.14886489534017347,0.06378837584941814,Harry Potter and the Prisoner of Azkaban,"^[^\S
]*([A-Z][^a-z]*)((?:
(?![^\S
]*[A-Z][^a-z
]*$).*)*)$",110954,22,1.4608323435695214,Harry Potter and the Prisoner of Azkaban 19.0
3,20.0,-0.09954790784472559,-0.16937414017464159,0.17801207290847137,0.1464063209340528,0.09370007896456314,-0.06383260231694805,0.05801702450615914,-0.17521844895022753,0.16624030423256314,-0.03184376183740779,Harry Potter and the Prisoner of Azkaban,"^[^\S
]*([A-Z][^a-z]*)((?:
(?![^\S
]*[A-Z][^a-z
]*$).*)*)$",110954,22,1.4608323435695214,Harry Potter and the Prisoner of Azkaban 20.0
3,21.0,-0.004787967774937112,-0.20104770235434705,0.1343879881851512,0.08009394451356071,0.10664852666082758,0.012470391703093671,0.1913429642027928,-0.2861261688831572,0.15709506964720357,-0.24616501238541452,Harry Potter and the Prisoner of Azkaban,"^[^\S
]*([A-Z][^a-z]*)((?:
(?![^\S
]*[A-Z][^a-z
]*$).*)*)$",110954,22,1.4608323435695214,Harry Potter and the Prisoner of Azkaban 21.0
3,22.0,0.0005427163988559226,0.07544041605068395,-0.14285628288121152,0.04247680487645469,0.07083083826342071,0.046615765736169455,0.15711165670256927,-0.20116151300176952,0.004448835969149856,0.007147291421490679,Harry Potter and the Prisoner of Azkaban,"^[^\S
]*([A-Z][^a-z]*)((?:
(?![^\S
]*[A-Z][^a-z
]*$).*)*)$",110954,22,1.4608323435695214,Harry Potter and the Prisoner of Azkaban 22.0
4,1.0,-0.21355273492628665,-0.14597859378208625,0.008601512690214246,-0.07768642748144067,-0.052935909933254935,0.08675211977239686,-0.07544187689160001,0.03754101803186541,-0.20591882330156563,0.01391274785298554,Harry Potter and the Goblet of Fire,"^[^\S
]*([A-Z][^a-z]*)((?:
(?![^\S
]*[A-Z][^a-z
]*$).*)*)$",196367,37,1.441638200146314,Harry Potter and the Goblet of Fire 1.0
4,2.0,-0.1621715573740346,-0.05524192672321077,-0.1838752050793128,0.07176999932590583,-0.07413642714042787,0.09295662825037655,-0.08668865986544735,-0.12965600249179327,-0.002278623337493707,-0.014695751619254262,Harry Potter and the Goblet of Fire,"^[^\S
]*([A-Z][^a-z]*)((?:
(?![^\S
]*[A-Z][^a-z
]*$).*)*)$",196367,37,1.441638200146314,Harry Potter and the Goblet of Fire 2.0
4,3.0,-0.04169926512602298,0.06469027465406532,-0.3111423126001054,0.15603579868652234,-0.0912662266431248,0.0023782472139737484,-0.1165021636964989,-0.2438519042327097,-0.021854607495676498,-0.09449542825760171,Harry Potter and the Goblet of Fire,"^[^\S
]*([A-Z][^a-z]*)((?:
(?![^\S
]*[A-Z][^a-z
]*$).*)*)$",196367,37,1.441638200146314,Harry Potter and the Goblet of Fire 3.0
4,4.0,-0.10251487531553986,-0.06691840345783164,-0.14507127133656816,0.13477171566042384,-0.020361033759102205,-0.04519632317433858,-0.09405368980877873,-0.04396592068470313,0.052340869729044504,-0.00260341744275904,Harry Potter and the Goblet of Fire,"^[^\S
]*([A-Z][^a-z]*)((?:
(?![^\S
]*[A-Z][^a-z
]*$).*)*)$",196367,37,1.441638200146314,Harry Potter and the Goblet of Fire 4.0
4,5.0,-0.05579843696435487,0.06605023142252718,-0.23828103729742858,0.2186933708603151,-0.1219200083183786,0.06338615770448398,-0.2223047818164291,0.01693159380023089,0.06627878812214297,0.06986877196542436,Harry Potter and the Goblet of Fire,"^[^\S
]*([A-Z][^a-z]*)((?:
(?![^\S
]*[A-Z][^a-z
]*$).*)*)$",196367,37,1.441638200146314,Harry Potter and the Goblet of Fire 5.0
4,6.0,-0.04639619593240136,0.04601485104376514,-0.04857415700888543,0.16859170231747037,-0.15672260115997744,0.03360989682342805,-0.0558877029284924,0.09528026836665321,-0.01262897696224486,-0.04011498284226144,Harry Potter and the Goblet of Fire,"^[^\S
]*([A-Z][^a-z]*)((?:
(?![^\S
]*[A-Z][^a-z
]*$).*)*)$",196367,37,1.441638200146314,Harry Potter and the Goblet of Fire 6.0
4,7.0,0.00908816157588136,0.1060240764739889,-0.05631566009785894,0.09619433953445776,0.0030369420313403773,-0.044729548325100295,0.014238687374668994,0.14348484080404994,0.0017048788900372869,-0.06830807292077301,Harry Potter and the Goblet of Fire,"^[^\S
]*([A-Z][^a-z]*)((?:
(?![^\S
]*[A-Z][^a-z
]*$).*)*)$",196367,37,1.441638200146314,Harry Potter and the Goblet of Fire 7.0
4,8.0,0.0013550016363845334,0.20481789800941821,0.2520850621502266,0.08959224794350475,-0.2637107180718771,-0.2256674968360372,0.020920685209030964,0.03343468702730509,-0.024499785854427057,-0.10204717658101997,Harry Potter and the Goblet of Fire,"^[^\S
]*([A-Z][^a-z]*)((?:
(?![^\S
]*[A-Z][^a-z
]*$).*)*)$",196367,37,1.441638200146314,Harry Potter and the Goblet of Fire 8.0
4,9.0,-0.0850884042683793,-0.08493332267065064,0.15718606715184,-0.05078308803066063,-0.0893849045161022,-0.1139984535966606,-0.023597812673528028,-0.016776174046323467,0.0846385488130738,-0.30462563948983334,Harry Potter and the Goblet of Fire,"^[^\S
]*([A-Z][^a-z]*)((?:
(?![^\S
]*[A-Z][^a-z
]*$).*)*)$",196367,37,1.441638200146314,Harry Potter and the Goblet of Fire 9.0
4,10.0,-0.061925791271612796,0.09908502379887521,-0.2750083910353661,0.12973247690876952,-0.12767373912040136,0.1288595186220314,-0.14531479448191317,0.007067037075613989,-0.04415260716210343,-0.0024393778206261846,Harry Potter and the Goblet of Fire,"^[^\S
]*([A-Z][^a-z]*)((?:
(?![^\S
]*[A-Z][^a-z
]*$).*)*)$",196367,37,1.441638200146314,Harry Potter and the Goblet of Fire 10.0
4,11.0,-0.027530333233878476,0.05546926825801714,-0.26122026697908796,0.19938820022134016,0.1406482952313406,-0.3264308877882749,-0.01992451153948143,0.06588460457555612,-0.13998936928780925,-0.06560173205932193,Harry Potter and the Goblet of Fire,"^[^\S
]*([A-Z][^a-z]*)((?:
(?![^\S
]*[A-Z][^a-z
]*$).*)*)$",196367,37,1.441638200146314,Harry Potter and the Goblet of Fire 11.0
4,12.0,-0.0014356074022901328,0.11836161643417213,0.08702633897763432,0.029150981181696154,0.24589253293338054,-0.2532925831101383,0.00973962693469674,0.0870852919173693,0.04750424838991356,0.2864164505778243,Harry Potter and the Goblet of Fire,"^[^\S
]*([A-Z][^a-z]*)((?:
(?![^\S
]*[A-Z][^a-z
]*$).*)*)$",196367,37,1.441638200146314,Harry Potter and the Goblet of Fire 12.0
4,13.0,0.21852737282274753,-0.03429523659454156,-0.06945197282567267,-0.05781327327553182,0.10305851410771066,0.07431468055754901,-0.13071067344215365,-0.016313260688911344,0.04403635294848919,-0.03321289214790815,Harry Potter and the Goblet of Fire,"^[^\S
]*([A-Z][^a-z]*)((?:
(?![^\S
]*[A-Z][^a-z
]*$).*)*)$",196367,37,1.441638200146314,Harry Potter and the Goblet of Fire 13.0
4,14.0,0.0411722375084181,0.20191095525006206,-0.06409057921548074,-0.09073932583242272,0.15952658382738066,0.16393286119281825,0.03425455388626309,-0.0741619109753616,0.03077784296367738,-0.05146669196845656,Harry Potter and the Goblet of Fire,"^[^\S
]*([A-Z][^a-z]*)((?:
(?![^\S
]*[A-Z][^a-z
]*$).*)*)$",196367,37,1.441638200146314,Harry Potter and the Goblet of Fire 14.0
4,15.0,0.05027974895684309,0.12023843870534093,-0.042627107280513554,-0.0054963404720839715,0.21455827247269899,0.030521209205662793,-0.05975265930957889,-0.04951435682706612,0.09755483567624809,-0.07528375403717691,Harry Potter and the Goblet of Fire,"^[^\S
]*([A-Z][^a-z]*)((?:
(?![^\S
]*[A-Z][^a-z
]*$).*)*)$",196367,37,1.441638200146314,Harry Potter and the Goblet of Fire 15.0
4,16.0,0.3058364841523837,-0.06737286444468046,-0.10152169808569494,-0.05492853501076501,0.11710122054547353,-0.08892270074662878,0.033901161922444675,0.136686021375785,0.05224222816989764,0.06791195399351305,Harry Potter and the Goblet of Fire,"^[^\S
]*([A-Z][^a-z]*)((?:
(?![^\S
]*[A-Z][^a-z
]*$).*)*)$",196367,37,1.441638200146314,Harry Potter and the Goblet of Fire 16.0
4,17.0,-0.06128593583591625,0.06896370766226445,-0.04171996220758569,-0.034126816252755265,0.10621107943399366,0.034776531796837665,0.05190718481828347,0.12546717605011048,0.0676246698313409,0.06113902887961843,Harry Potter and the Goblet of Fire,"^[^\S
]*([A-Z][^a-z]*)((?:
(?![^\S
]*[A-Z][^a-z
]*$).*)*)$",196367,37,1.441638200146314,Harry Potter and the Goblet of Fire 17.0
4,18.0,0.1419230413512752,0.14782724633973104,-0.10890863295031167,-0.09733214507875518,0.04448332362973248,0.06307098290119897,-0.07695596671753947,-0.08065246790182738,0.10130410764768154,-0.08095252944579079,Harry Potter and the Goblet of Fire,"^[^\S
]*([A-Z][^a-z]*)((?:
(?![^\S
]*[A-Z][^a-z
]*$).*)*)$",196367,37,1.441638200146314,Harry Potter and the Goblet of Fire 18.0
4,19.0,0.1932169851799584,-0.09802895483188506,-0.01055019952823288,-0.04777874478695198,0.04870050058948374,0.10647251472664035,-0.0748231725274365,0.1842062414389778,0.21838799988026464,-0.09410857114206089,Harry Potter and the Goblet of Fire,"^[^\S
]*([A-Z][^a-z]*)((?:
(?![^\S
]*[A-Z][^a-z
]*$).*)*)$",196367,37,1.441638200146314,Harry Potter and the Goblet of Fire 19.0
4,20.0,0.0876543771120675,0.01100431571124083,0.1271273615369473,0.09608309805592646,0.04234379411436511,0.06639373232404847,-0.15307769213191605,0.21751040360673135,0.23292354442772273,-0.10196648473631455,Harry Potter and the Goblet of Fire,"^[^\S
]*([A-Z][^a-z]*)((?:
(?![^\S
]*[A-Z][^a-z
]*$).*)*)$",196367,37,1.441638200146314,Harry Potter and the Goblet of Fire 20.0
4,21.0,-0.02145387163111229,0.21613921322673824,0.051797464505284635,-0.2998825568921239,-0.31970831480098383,-0.2929696456357363,-0.11927805531731982,-0.15182648815691016,0.041079974753364445,-0.046085223065878526,Harry Potter and the Goblet of Fire,"^[^\S
]*([A-Z][^a-z]*)((?:
(?![^\S
]*[A-Z][^a-z
]*$).*)*)$",196367,37,1.441638200146314,Harry Potter and the Goblet of Fire 21.0
4,22.0,0.3099425425466237,0.0638270578162593,-0.07007209687388927,-0.0968898163752165,0.12091034813759978,0.06337943635359632,-0.03151926216691407,0.06358651814746479,-0.012621564284148772,0.04081686112583707,Harry Potter and the Goblet of Fire,"^[^\S
]*([A-Z][^a-z]*)((?:
(?![^\S
]*[A-Z][^a-z
]*$).*)*)$",196367,37,1.441638200146314,Harry Potter and the Goblet of Fire 22.0
4,23.0,0.09214394674384899,0.16775727590294728,-0.030444088321904324,-0.11910119655565182,-0.085513167490389,-0.14873222138825629,-0.03145035959800879,0.12855947946161148,0.057886413535257863,-0.05451042803143647,Harry Potter and the Goblet of Fire,"^[^\S
]*([A-Z][^a-z]*)((?:
(?![^\S
]*[A-Z][^a-z
]*$).*)*)$",196367,37,1.441638200146314,Harry Potter and the Goblet of Fire 23.0
4,24.0,0.4051603230266069,-0.1487488407632322,-0.14875612026221177,-0.12607796772776908,0.02215291247418806,0.03065025543920848,0.04715176319195713,0.021837947599322845,-0.01253077584920543,-0.0017035888292712756,Harry Potter and the Goblet of Fire,"^[^\S
]*([A-Z][^a-z]*)((?:
(?![^\S
]*[A-Z][^a-z
]*$).*)*)$",196367,37,1.441638200146314,Harry Potter and the Goblet of Fire 24.0
4,25.0,-0.04237654231061824,0.04782248092812529,0.1568603367979402,-9.504194065854468e-05,0.16384685427453072,-0.13061909753905418,-0.09408336086894098,-0.10270209171622902,0.1528549404236515,0.39379523109659864,Harry Potter and the Goblet of Fire,"^[^\S
]*([A-Z][^a-z]*)((?:
(?![^\S
]*[A-Z][^a-z
]*$).*)*)$",196367,37,1.441638200146314,Harry Potter and the Goblet of Fire 25.0
4,26.0,0.13499360238409996,-0.0009661319799037886,0.10626988671289786,-0.12688620296705375,-0.04634482160408682,-0.18624558234184796,-0.1045787172455991,-0.017199709705021354,0.2314089929868804,-0.021332672426659958,Harry Potter and the Goblet of Fire,"^[^\S
]*([A-Z][^a-z]*)((?:
(?![^\S
]*[A-Z][^a-z
]*$).*)*)$",196367,37,1.441638200146314,Harry Potter and the Goblet of Fire 26.0
4,27.0,-0.025653863409748776,0.12469840966499839,-0.0813358238236076,-0.09589959883286736,0.05802903661937724,0.0880086935835615,0.10597149267386138,-0.16235159053832707,0.016625259805950296,-0.021405605817099087,Harry Potter and the Goblet of Fire,"^[^\S
]*([A-Z][^a-z]*)((?:
(?![^\S
]*[A-Z][^a-z
]*$).*)*)$",196367,37,1.441638200146314,Harry Potter and the Goblet of Fire 27.0
4,28.0,0.3227300431406366,-0.17224780987180244,-0.10147312135246486,-0.062697277569651,-0.00919915275857127,0.0018888171564939984,-0.03289388168298236,-0.20194846735215066,-0.04814902495956479,-0.1094286658379837,Harry Potter and the Goblet of Fire,"^[^\S
]*([A-Z][^a-z]*)((?:
(?![^\S
]*[A-Z][^a-z
]*$).*)*)$",196367,37,1.441638200146314,Harry Potter and the Goblet of Fire 28.0
4,29.0,-0.008060243532870989,0.026762883398271795,-0.009962638855420354,0.0667341546974575,0.09069931769409152,0.1320691797799789,-0.13874984153613884,-0.17068993440091265,-0.056763026275314925,-0.12525042617926205,Harry Potter and the Goblet of Fire,"^[^\S
]*([A-Z][^a-z]*)((?:
(?![^\S
]*[A-Z][^a-z
]*$).*)*)$",196367,37,1.441638200146314,Harry Potter and the Goblet of Fire 29.0
4,30.0,-0.15720369657254488,-0.03693671509186268,0.023337272278088135,-0.04656942617208764,0.06079057769626221,-0.006301961797588473,0.25911545769131794,-0.18582055774171216,0.03753167297824233,-0.04515308252354201,Harry Potter and the Goblet of Fire,"^[^\S
]*([A-Z][^a-z]*)((?:
(?![^\S
]*[A-Z][^a-z
]*$).*)*)$",196367,37,1.441638200146314,Harry Potter and the Goblet of Fire 30.0
4,31.0,-0.051575374907142785,-0.027906495312830154,0.09667332467404653,-0.00236209089603006,0.04918586142069933,0.02645488744608369,-0.028865658321447846,0.001157882937878293,0.0544624697346643,-0.19569203340062968,Harry Potter and the Goblet of Fire,"^[^\S
]*([A-Z][^a-z]*)((?:
(?![^\S
]*[A-Z][^a-z
]*$).*)*)$",196367,37,1.441638200146314,Harry Potter and the Goblet of Fire 31.0
4,32.0,-0.16436798584692408,-0.15419767094755424,0.10356512563881545,-0.028262552080449983,0.07117956894230912,-0.05263819839400349,-0.2729071005939615,-0.02960593016052101,0.008378245486398116,0.15479723610373805,Harry Potter and the Goblet of Fire,"^[^\S
]*([A-Z][^a-z]*)((?:
(?![^\S
]*[A-Z][^a-z
]*$).*)*)$",196367,37,1.441638200146314,Harry Potter and the Goblet of Fire 32.0
4,33.0,-0.25048183006105595,-0.3010134461425882,0.1401472740153012,-0.1859216944012554,-0.05149979685949958,0.07803453047099232,0.07136037107986089,-0.0725296650697022,-0.3091696909405204,0.12676644553182892,Harry Potter and the Goblet of Fire,"^[^\S
]*([A-Z][^a-z]*)((?:
(?![^\S
]*[A-Z][^a-z
]*$).*)*)$",196367,37,1.441638200146314,Harry Potter and the Goblet of Fire 33.0
4,34.0,-0.16749742156585368,-0.20008538790223315,0.2210233288489343,0.05667313765404505,0.08485486918338862,-0.029223361879971193,-0.0829769365942871,0.05296748833860752,0.12448105671836866,0.04705045311299768,Harry Potter and the Goblet of Fire,"^[^\S
]*([A-Z][^a-z]*)((?:
(?![^\S
]*[A-Z][^a-z
]*$).*)*)$",196367,37,1.441638200146314,Harry Potter and the Goblet of Fire 34.0
4,35.0,-0.17628859562948718,-0.1576262128537332,0.07927336053513834,-0.11704638587556995,-0.061603935169331936,0.024783055459202993,0.14824109139749292,-0.12917350131263902,-0.12337401002247733,0.19264858196103737,Harry Potter and the Goblet of Fire,"^[^\S
]*([A-Z][^a-z]*)((?:
(?![^\S
]*[A-Z][^a-z
]*$).*)*)$",196367,37,1.441638200146314,Harry Potter and the Goblet of Fire 35.0
4,36.0,-0.13788204814905017,-0.06172685831668246,0.07211498208693459,-0.009752105217088589,0.061859399324734075,0.02421953122513656,0.1883206454412471,-0.05276082060209949,0.10400888063554771,0.1425130811655593,Harry Potter and the Goblet of Fire,"^[^\S
]*([A-Z][^a-z]*)((?:
(?![^\S
]*[A-Z][^a-z
]*$).*)*)$",196367,37,1.441638200146314,Harry Potter and the Goblet of Fire 36.0
4,37.0,0.41911435074777037,-0.18622074735244948,-0.16103850651205617,-0.047787295370422124,0.021152554387478248,-0.09573491377472533,0.10982720335420487,0.05169273040765538,-0.10072265520025114,0.03144722192832646,Harry Potter and the Goblet of Fire,"^[^\S
]*([A-Z][^a-z]*)((?:
(?![^\S
]*[A-Z][^a-z
]*$).*)*)$",196367,37,1.441638200146314,Harry Potter and the Goblet of Fire 37.0
5,1.0,-0.11487575734377667,-0.07791611752464214,-0.06532613880776751,0.10526451908680323,-0.004803446011826201,0.013806153270265659,0.019727405360771295,-0.04839574513784668,0.11130560592195371,-0.04786747866607099,Harry Potter and the Order of the Phoenix,"^[^\S
]*([A-Z][^a-z]*)((?:
(?![^\S
]*[A-Z][^a-z
]*$).*)*)$",264622,38,1.392982233938535,Harry Potter and the Order of the Phoenix 1.0
5,2.0,-0.13725957879582804,-0.06952941721120043,-0.24564745764438087,0.1939445544438279,-0.0875156443124073,0.06704825964246325,0.11283114523366536,-0.41061481187358073,0.14745014437790643,-0.020882817642765953,Harry Potter and the Order of the Phoenix,"^[^\S
]*([A-Z][^a-z]*)((?:
(?![^\S
]*[A-Z][^a-z
]*$).*)*)$",264622,38,1.392982233938535,Harry Potter and the Order of the Phoenix 2.0
5,3.0,-0.1406687710959631,-0.02524785572946555,-0.20499596908301457,0.2751967554183693,-0.09188993386034323,-0.0388272033753268,-0.13671536364293752,-0.09743976643764914,0.023260440063518878,0.0029677362468931903,Harry Potter and the Order of the Phoenix,"^[^\S
]*([A-Z][^a-z]*)((?:
(?![^\S
]*[A-Z][^a-z
]*$).*)*)$",264622,38,1.392982233938535,Harry Potter and the Order of the Phoenix 3.0
5,4.0,-0.11434967464880946,0.01675526457592684,-0.21758963584440824,0.1044525003896585,-0.04224222674789174,0.05939005948879236,0.10252067765743728,-0.08576126342300568,0.05530098225329279,0.03350195769399861,Harry Potter and the Order of the Phoenix,"^[^\S
]*([A-Z][^a-z]*)((?:
(?![^\S
]*[A-Z][^a-z
]*$).*)*)$",264622,38,1.392982233938535,Harry Potter and the Order of the Phoenix 4.0
5,5.0,-0.1151004224975256,0.0175445898555093,-0.22607414489765137,0.004485167980968267,-0.00827490035491293,0.06410749932736848,0.03421346624996693,0.029572125605629336,0.0001270716001223124,0.08180411640769245,Harry Potter and the Order of the Phoenix,"^[^\S
]*([A-Z][^a-z]*)((?:
(?![^\S
]*[A-Z][^a-z
]*$).*)*)$",264622,38,1.392982233938535,Harry Potter and the Order of the Phoenix 5.0
5,6.0,-0.13918995740880924,0.0023039860845871195,-0.15437838684303057,-0.04428227959769983,-0.107034674431882,0.08096841538492619,0.07350818586835736,-0.02500224950800842,-0.05491413514335842,0.11503122852948369,Harry Potter and the Order of the Phoenix,"^[^\S
]*([A-Z][^a-z]*)((?:
(?![^\S
]*[A-Z][^a-z
]*$).*)*)$",264622,38,1.392982233938535,Harry Potter and the Order of the Phoenix 6.0
5,7.0,-0.07760368007462318,0.07452532423894483,-0.07126168209078705,0.11551841355520923,0.12463883915524368,-0.13674247789563893,0.05027589924073253,0.019251434523980322,0.08713757095552854,-0.05288214271808474,Harry Potter and the Order of the Phoenix,"^[^\S
]*([A-Z][^a-z]*)((?:
(?![^\S
]*[A-Z][^a-z
]*$).*)*)$",264622,38,1.392982233938535,Harry Potter and the Order of the Phoenix 7.0
5,8.0,-0.09205763642548012,-0.010464330357767327,-0.054062869925371,0.06830340828884432,0.06484650173162576,0.01434799359417057,0.4019480758062244,-0.3554361284457901,0.15638636651963606,-0.042256778668312955,Harry Potter and the Order of the Phoenix,"^[^\S
]*([A-Z][^a-z]*)((?:
(?![^\S
]*[A-Z][^a-z
]*$).*)*)$",264622,38,1.392982233938535,Harry Potter and the Order of the Phoenix 8.0
5,9.0,-0.08405678924818857,0.08511849895798973,-0.2876528422395803,0.11349106662325478,-0.052047509962335814,0.08683920535516743,-0.04501623522683919,-0.018954272903719326,0.00518201197396061,0.024125674371783052,Harry Potter and the Order of the Phoenix,"^[^\S
]*([A-Z][^a-z]*)((?:
(?![^\S
]*[A-Z][^a-z
]*$).*)*)$",264622,38,1.392982233938535,Harry Potter and the Order of the Phoenix 9.0
5,10.0,-0.027472827588533713,0.055620505828704266,-0.12317694199022111,0.24065496557863797,0.21988066613937896,-0.3268828204665607,0.09548125392940787,0.010386844200227036,-0.04394890160030976,-0.12210667767948037,Harry Potter and the Order of the Phoenix,"^[^\S
]*([A-Z][^a-z]*)((?:
(?![^\S
]*[A-Z][^a-z
]*$).*)*)$",264622,38,1.392982233938535,Harry Potter and the Order of the Phoenix 10.0
5,11.0,-0.01891344463729698,0.08179222365617744,-0.017082290777788268,0.0021135592841556557,0.22039720286296322,-0.1965194719140408,0.12446139509499798,0.14305856506364004,-0.08312553115255361,0.039486901540718586,Harry Potter and the Order of the Phoenix,"^[^\S
]*([A-Z][^a-z]*)((?:
(?![^\S
]*[A-Z][^a-z
]*$).*)*)$",264622,38,1.392982233938535,Harry Potter and the Order of the Phoenix 11.0
5,12.0,0.10335449330905087,0.38717463548234043,-0.02209688293322611,-0.1971087424055042,0.2761108925634151,0.2052558899633497,-0.11345777365710027,-0.04851639846902713,0.03974412956356409,0.08402298394020284,Harry Potter and the Order of the Phoenix,"^[^\S
]*([A-Z][^a-z]*)((?:
(?![^\S
]*[A-Z][^a-z
]*$).*)*)$",264622,38,1.392982233938535,Harry Potter and the Order of the Phoenix 12.0
5,13.0,0.07974102172481191,0.256985229564175,-0.03740671070230929,-0.04453043377551094,0.1612680358148372,0.2505207198099161,-0.033217446558479274,0.01790704001658916,0.026209868186766218,-0.11356076254858466,Harry Potter and the Order of the Phoenix,"^[^\S
]*([A-Z][^a-z]*)((?:
(?![^\S
]*[A-Z][^a-z
]*$).*)*)$",264622,38,1.392982233938535,Harry Potter and the Order of the Phoenix 13.0
5,14.0,0.039240329682388476,0.20851839920451704,-0.10009135154983748,0.1511739356336503,0.015178662887911615,0.14971653476049054,0.003655766323469511,-0.09865119957200369,-0.013912279840869752,-0.12114377102011314,Harry Potter and the Order of the Phoenix,"^[^\S
]*([A-Z][^a-z]*)((?:
(?![^\S
]*[A-Z][^a-z
]*$).*)*)$",264622,38,1.392982233938535,Harry Potter and the Order of the Phoenix 14.0
5,15.0,0.09445836407996674,0.3050501727916357,-0.058410875149598994,-0.16269324787428574,0.2653353023921936,0.22402309965949768,-0.05566229201769966,-0.04896164929515033,-0.013179126529120178,-0.04572134562055506,Harry Potter and the Order of the Phoenix,"^[^\S
]*([A-Z][^a-z]*)((?:
(?![^\S
]*[A-Z][^a-z
]*$).*)*)$",264622,38,1.392982233938535,Harry Potter and the Order of the Phoenix 15.0
5,16.0,0.020371010607649873,0.137848441996055,-0.15037418954733964,-0.06342649294714618,0.060184756265534566,0.12884934573278065,0.10737603084609756,0.12113393488833354,0.08447326948298586,-0.0531403556338254,Harry Potter and the Order of the Phoenix,"^[^\S
]*([A-Z][^a-z]*)((?:
(?![^\S
]*[A-Z][^a-z
]*$).*)*)$",264622,38,1.392982233938535,Harry Potter and the Order of the Phoenix 16.0
5,17.0,0.10917488488337085,0.3289787278682215,0.04126918273165783,-0.003945319191165282,0.15187201753467627,0.15401870344397006,0.02663483391907877,-0.030381489749509938,-0.03485762373387578,0.029672995557395596,Harry Potter and the Order of the Phoenix,"^[^\S
]*([A-Z][^a-z]*)((?:
(?![^\S
]*[A-Z][^a-z
]*$).*)*)$",264622,38,1.392982233938535,Harry Potter and the Order of the Phoenix 17.0
5,18.0,0.012352458249443395,0.32952306633664363,0.172357839323492,-0.134109822088283,-0.23854174555150273,-0.16584372245937734,-0.0734009024333456,-0.06960338549160729,0.08420901882819654,-0.05523592816817252,Harry Potter and the Order of the Phoenix,"^[^\S
]*([A-Z][^a-z]*)((?:
(?![^\S
]*[A-Z][^a-z
]*$).*)*)$",264622,38,1.392982233938535,Harry Potter and the Order of the Phoenix 18.0
5,19.0,0.07562470839461823,0.22851648580554246,0.3158416237922443,0.3408044188644849,-0.11066741426527742,0.1458101774779952,0.055169324965623955,0.141362158698369,-0.09043137960912141,-0.0002669339419299546,Harry Potter and the Order of the Phoenix,"^[^\S
]*([A-Z][^a-z]*)((?:
(?![^\S
]*[A-Z][^a-z
]*$).*)*)$",264622,38,1.392982233938535,Harry Potter and the Order of the Phoenix 19.0
5,20.0,0.6656245769132841,-0.406692253506577,-0.08558356805146342,-0.0807105357945325,-0.08071701605449276,-0.04970963998281251,-0.014635819377768498,-0.053001342268002516,0.01845090973768124,0.14681284357458108,Harry Potter and the Order of the Phoenix,"^[^\S
]*([A-Z][^a-z]*)((?:
(?![^\S
]*[A-Z][^a-z
]*$).*)*)$",264622,38,1.392982233938535,Harry Potter and the Order of the Phoenix 20.0
5,21.0,0.3068360861563571,-0.07508777629108734,0.01222795354088922,-0.1186368340767194,0.15171150914032505,0.12883670464202726,-0.041501513182550895,-0.08430252387630341,-0.11632057303451732,-0.16067181670171427,Harry Potter and the Order of the Phoenix,"^[^\S
]*([A-Z][^a-z]*)((?:
(?![^\S
]*[A-Z][^a-z
]*$).*)*)$",264622,38,1.392982233938535,Harry Potter and the Order of the Phoenix 21.0
5,22.0,-0.16626220437868539,-0.03776165692332122,-0.046767862546683164,-0.019573146711208095,0.1296869586212806,0.014827722645986342,-0.15943256052398289,-0.017413672469953144,-0.2069280091803712,0.007029862907882697,Harry Potter and the Order of the Phoenix,"^[^\S
]*([A-Z][^a-z]*)((?:
(?![^\S
]*[A-Z][^a-z
]*$).*)*)$",264622,38,1.392982233938535,Harry Potter and the Order of the Phoenix 22.0
5,23.0,-0.16618864916453857,-0.004805974182299812,-0.16731568365496774,0.03347939897438843,0.06814559429487806,0.006686228260910708,-0.11081304556678151,-0.02038982016797355,-0.2644301795483645,-0.03547855111002644,Harry Potter and the Order of the Phoenix,"^[^\S
]*([A-Z][^a-z]*)((?:
(?![^\S
]*[A-Z][^a-z
]*$).*)*)$",264622,38,1.392982233938535,Harry Potter and the Order of the Phoenix 23.0
5,24.0,-0.15005665650822253,0.06771363846660834,0.004172582319651095,-0.17183745408480494,0.014127253741301207,0.01643041796444832,-0.14393244257838939,-0.03674892331482156,-0.09193120863868547,-0.026428347867949516,Harry Potter and the Order of the Phoenix,"^[^\S
]*([A-Z][^a-z]*)((?:
(?![^\S
]*[A-Z][^a-z
]*$).*)*)$",264622,38,1.392982233938535,Harry Potter and the Order of the Phoenix 24.0
5,25.0,0.13509640340929807,0.059018498343868395,-0.17767738890062507,-0.10237784146747915,0.02840342640246668,0.14544221351629452,0.12440727296253817,0.04588371767002154,0.028174776598996275,-0.02392477348227353,Harry Potter and the Order of the Phoenix,"^[^\S
]*([A-Z][^a-z]*)((?:
(?![^\S
]*[A-Z][^a-z
]*$).*)*)$",264622,38,1.392982233938535,Harry Potter and the Order of the Phoenix 25.0
5,26.0,-0.029850089596476226,0.11160109806807336,-0.023934654356734506,0.036013033651284526,0.028648151887092427,0.1401503555639594,0.05459984391630318,0.03226645829267771,-0.057275056157679395,-0.04488362582493208,Harry Potter and the Order of the Phoenix,"^[^\S
]*([A-Z][^a-z]*)((?:
(?![^\S
]*[A-Z][^a-z
]*$).*)*)$",264622,38,1.392982233938535,Harry Potter and the Order of the Phoenix 26.0
5,27.0,-0.011604401888805056,0.12809780332847953,0.059124799084793386,-0.1716277325485605,0.051961970032999766,0.05440546874720123,0.05161503023406906,-0.026185308539815343,0.08060625843923518,-0.16570525287114551,Harry Potter and the Order of the Phoenix,"^[^\S
]*([A-Z][^a-z]*)((?:
(?![^\S
]*[A-Z][^a-z
]*$).*)*)$",264622,38,1.392982233938535,Harry Potter and the Order of the Phoenix 27.0
5,28.0,0.02009474383975077,0.21432572657186805,0.0780428763123249,-0.03525868374253037,0.11785649098839877,0.08100413765911162,0.0013726812110874931,0.02673358672059218,0.09963961763373497,-0.07433608602889875,Harry Potter and the Order of the Phoenix,"^[^\S
]*([A-Z][^a-z]*)((?:
(?![^\S
]*[A-Z][^a-z
]*$).*)*)$",264622,38,1.392982233938535,Harry Potter and the Order of the Phoenix 28.0
5,29.0,0.003041144504547761,0.21407839106494148,-0.056527058876978176,-0.09007168522186727,0.18267125640337117,0.15047238832747079,0.0009924753732773704,0.07481719346822766,0.05847042354084732,-0.0060637231946122005,Harry Potter and the Order of the Phoenix,"^[^\S
]*([A-Z][^a-z]*)((?:
(?![^\S
]*[A-Z][^a-z
]*$).*)*)$",264622,38,1.392982233938535,Harry Potter and the Order of the Phoenix 29.0
5,30.0,0.6325876700609663,-0.4149938595054123,0.014181479004845805,-0.0868483633012698,-0.049758411405951886,-0.01593307101725539,0.020228973581392393,-0.04426425027232289,-0.0760251553017295,-0.07823086173677261,Harry Potter and the Order of the Phoenix,"^[^\S
]*([A-Z][^a-z]*)((?:
(?![^\S
]*[A-Z][^a-z
]*$).*)*)$",264622,38,1.392982233938535,Harry Potter and the Order of the Phoenix 30.0
5,31.0,0.0654448982563172,0.12579654762455325,0.011732211705783806,-0.029811102855815085,0.16656786379673838,0.2108228506759554,-0.03721917451089801,0.11491085973155199,0.092362587637421,-0.1522793834719715,Harry Potter and the Order of the Phoenix,"^[^\S
]*([A-Z][^a-z]*)((?:
(?![^\S
]*[A-Z][^a-z
]*$).*)*)$",264622,38,1.392982233938535,Harry Potter and the Order of the Phoenix 31.0
5,32.0,-0.10732392915963017,0.0005940372779477503,0.058558310271393355,-0.061627759241811166,0.060435852230446854,0.030153922530556293,0.14430550381588234,-0.010902233275366536,0.042926876102406336,0.1589850728726408,Harry Potter and the Order of the Phoenix,"^[^\S
]*([A-Z][^a-z]*)((?:
(?![^\S
]*[A-Z][^a-z
]*$).*)*)$",264622,38,1.392982233938535,Harry Potter and the Order of the Phoenix 32.0
5,33.0,-0.026328016428097917,-0.21198549175521078,0.21276906972428097,0.06769200040786308,0.06106991239349638,0.04851673062778364,-0.03303901360797558,-0.029856375841356007,0.023309316096742173,-0.4008507488028667,Harry Potter and the Order of the Phoenix,"^[^\S
]*([A-Z][^a-z]*)((?:
(?![^\S
]*[A-Z][^a-z
]*$).*)*)$",264622,38,1.392982233938535,Harry Potter and the Order of the Phoenix 33.0
5,34.0,-0.13341365266041588,-0.04981657940941528,0.10964567615637749,0.05243460838398266,0.15059633292060234,-0.046847423565883665,-0.02679513397883792,0.05561198222399108,0.18067349972862196,-0.03850644884469671,Harry Potter and the Order of the Phoenix,"^[^\S
]*([A-Z][^a-z]*)((?:
(?![^\S
]*[A-Z][^a-z
]*$).*)*)$",264622,38,1.392982233938535,Harry Potter and the Order of the Phoenix 34.0
5,35.0,-0.1705675027804991,-0.15319223531582835,0.22832656762800294,0.10629041662719543,0.1040829657582102,0.01837507974847561,-0.06310786707141555,0.033107237120578885,0.19979834879743144,0.0030151400568902663,Harry Potter and the Order of the Phoenix,"^[^\S
]*([A-Z][^a-z]*)((?:
(?![^\S
]*[A-Z][^a-z
]*$).*)*)$",264622,38,1.392982233938535,Harry Potter and the Order of the Phoenix 35.0
5,36.0,-0.2342624725837158,-0.22942302510116344,0.21975471490542228,0.006990751901035375,0.0300907451491342,0.01804833229323271,-0.08369041869043986,-0.00810117500829247,0.034655333515132045,0.06740776959221245,Harry Potter and the Order of the Phoenix,"^[^\S
]*([A-Z][^a-z]*)((?:
(?![^\S
]*[A-Z][^a-z
]*$).*)*)$",264622,38,1.392982233938535,Harry Potter and the Order of the Phoenix 36.0
5,37.0,-0.22309372581793785,-0.15960830901469047,0.036008131413259765,-0.1187494571619918,-0.04436205568677211,0.1531995981748317,0.2557293193310226,0.035854306357825036,-0.10839355724408174,0.058194440611750116,Harry Potter and the Order of the Phoenix,"^[^\S
]*([A-Z][^a-z]*)((?:
(?![^\S
]*[A-Z][^a-z
]*$).*)*)$",264622,38,1.392982233938535,Harry Potter and the Order of the Phoenix 37.0
5,38.0,0.12337188520428871,-0.033328320219089935,-0.04822436541414603,-0.06960674155173634,0.046951320351341086,-0.1586820762014524,0.16063042255242682,0.06759784916504447,-0.0527944122574774,-0.041708718513402576,Harry Potter and the Order of the Phoenix,"^[^\S
]*([A-Z][^a-z]*)((?:
(?![^\S
]*[A-Z][^a-z
]*$).*)*)$",264622,38,1.392982233938535,Harry Potter and the Order of the Phoenix 38.0
6,1.0,-0.06277904097539802,0.015558462506557652,-0.06600738545158807,-0.055454443993180315,0.024640121834414483,0.07985588556310837,0.1818016140549007,0.015101337808649857,0.02255203442509653,-0.030112750911406642,Harry Potter and the Half-Blood Prince,"^[^\S
]*([A-Z][^a-z]*)((?:
(?![^\S
]*[A-Z][^a-z
]*$).*)*)$",174090,30,1.1530785256982985,Harry Potter and the Half-Blood Prince 1.0
6,2.0,-0.1966424968405195,-0.17759048861324778,0.00036604012143471795,-0.041982483008008754,-0.06630681484435187,0.07428648989116515,0.1302800946273546,0.029649539500468003,0.0009957363471619516,0.13588575420988236,Harry Potter and the Half-Blood Prince,"^[^\S
]*([A-Z][^a-z]*)((?:
(?![^\S
]*[A-Z][^a-z
]*$).*)*)$",174090,30,1.1530785256982985,Harry Potter and the Half-Blood Prince 2.0
6,3.0,-0.17495821985584245,0.005988100105890964,-0.24068520448708483,-0.0008807092170472312,-0.1334849102053844,-0.045033528147208596,-0.028777400712123855,-0.054661517052334796,-0.018688883239053503,-0.009350908492515284,Harry Potter and the Half-Blood Prince,"^[^\S
]*([A-Z][^a-z]*)((?:
(?![^\S
]*[A-Z][^a-z
]*$).*)*)$",174090,30,1.1530785256982985,Harry Potter and the Half-Blood Prince 3.0
6,4.0,-0.1086389426744959,0.05663492233731735,-0.07245016159187329,-0.15947973612420685,-0.10889278774066957,-0.06606650683041324,0.045865803191191774,0.04302809956681489,0.06341331683466046,-0.09311860590592333,Harry Potter and the Half-Blood Prince,"^[^\S
]*([A-Z][^a-z]*)((?:
(?![^\S
]*[A-Z][^a-z
]*$).*)*)$",174090,30,1.1530785256982985,Harry Potter and the Half-Blood Prince 4.0
6,5.0,-0.06266110050248438,0.11362291688431927,-0.2735606214622558,0.026021251766703363,0.04307546837231378,0.08696356985865333,-0.0708923211184333,0.05859407185471088,0.06540846163179287,-0.015352109569498985,Harry Potter and the Half-Blood Prince,"^[^\S
]*([A-Z][^a-z]*)((?:
(?![^\S
]*[A-Z][^a-z
]*$).*)*)$",174090,30,1.1530785256982985,Harry Potter and the Half-Blood Prince 5.0
6,6.0,0.059961288701760096,-0.007881258306387952,-0.1919641088346449,-0.027144019934252653,-0.05192537843419219,-0.05800763506982691,0.003353314576300493,0.14039922020356324,0.10075677563588585,0.09632679957266281,Harry Potter and the Half-Blood Prince,"^[^\S
]*([A-Z][^a-z]*)((?:
(?![^\S
]*[A-Z][^a-z
]*$).*)*)$",174090,30,1.1530785256982985,Harry Potter and the Half-Blood Prince 6.0
6,7.0,-0.048539922015014614,0.08279207489525403,-0.22213432029818392,0.15349176894937616,0.22422688488238862,-0.3143380058131016,0.10947646379100864,0.13432888933329892,-0.14146543000195827,-0.10329809795883424,Harry Potter and the Half-Blood Prince,"^[^\S
]*([A-Z][^a-z]*)((?:
(?![^\S
]*[A-Z][^a-z
]*$).*)*)$",174090,30,1.1530785256982985,Harry Potter and the Half-Blood Prince 7.0
6,8.0,0.1094008779956406,-0.04468393389176334,-0.06336554804625301,0.03229158162869754,0.22170138109487436,-0.285535401470294,0.11619155938443337,0.1420706965900917,-0.12293901649907629,-0.06899241134010685,Harry Potter and the Half-Blood Prince,"^[^\S
]*([A-Z][^a-z]*)((?:
(?![^\S
]*[A-Z][^a-z
]*$).*)*)$",174090,30,1.1530785256982985,Harry Potter and the Half-Blood Prince 8.0
6,9.0,0.05447561121892841,0.35342231124334683,-0.0044705319580760836,-0.24196237305138069,0.0890084944290469,0.11797764613794158,-0.12116071132046723,0.06352103207465981,0.07382883192148405,0.07231334712684305,Harry Potter and the Half-Blood Prince,"^[^\S
]*([A-Z][^a-z]*)((?:
(?![^\S
]*[A-Z][^a-z
]*$).*)*)$",174090,30,1.1530785256982985,Harry Potter and the Half-Blood Prince 9.0
6,10.0,-0.15210865799852205,0.07928993678056481,0.06979965651395087,-0.30054862566741025,-0.18778969609061413,-0.1489338735823416,-0.04444102024539385,-0.032668466352504394,-0.031557938216397574,-0.16523029400097908,Harry Potter and the Half-Blood Prince,"^[^\S
]*([A-Z][^a-z]*)((?:
(?![^\S
]*[A-Z][^a-z
]*$).*)*)$",174090,30,1.1530785256982985,Harry Potter and the Half-Blood Prince 10.0
6,11.0,0.373996565788343,0.03636252996945236,-0.022824901416577375,0.06415196349723781,-0.07770645618514767,0.038477395551925454,0.04727159719677625,0.08583765315045411,-0.10498816925358846,-0.012886307075501816,Harry Potter and the Half-Blood Prince,"^[^\S
]*([A-Z][^a-z]*)((?:
(?![^\S
]*[A-Z][^a-z
]*$).*)*)$",174090,30,1.1530785256982985,Harry Potter and the Half-Blood Prince 11.0
6,12.0,-0.00643853780200735,0.06390023202021232,-0.03785182051565868,-0.014730128187274568,0.007657233362227112,0.10981514235695543,0.039025130235317264,0.13879375725841925,0.07081196070677306,0.03879839788846906,Harry Potter and the Half-Blood Prince,"^[^\S
]*([A-Z][^a-z]*)((?:
(?![^\S
]*[A-Z][^a-z
]*$).*)*)$",174090,30,1.1530785256982985,Harry Potter and the Half-Blood Prince 12.0
6,13.0,-0.10208406183433488,0.15579973811341652,-0.048759454570197515,-0.25418698975956455,-0.19150266876769179,-0.19304381767816592,0.07377151335678139,0.01270272220627306,0.06070455097056619,-0.06938159670407543,Harry Potter and the Half-Blood Prince,"^[^\S
]*([A-Z][^a-z]*)((?:
(?![^\S
]*[A-Z][^a-z
]*$).*)*)$",174090,30,1.1530785256982985,Harry Potter and the Half-Blood Prince 13.0
6,14.0,0.08823137408059245,0.2218253625645101,0.2795641063799419,0.30278819618926467,-0.1860770957206782,0.14347362451151752,0.07385147310770741,0.14325523207429203,-0.1270388511584108,0.06389845015837244,Harry Potter and the Half-Blood Prince,"^[^\S
]*([A-Z][^a-z]*)((?:
(?![^\S
]*[A-Z][^a-z
]*$).*)*)$",174090,30,1.1530785256982985,Harry Potter and the Half-Blood Prince 14.0
6,15.0,0.02557337698270298,0.22024391679350894,-0.018913523435275872,-0.16936084153837672,0.08778580956747757,0.1288637144720685,0.07205936341800707,0.17014204998126334,-0.03929465049855954,0.014434947633689407,Harry Potter and the Half-Blood Prince,"^[^\S
]*([A-Z][^a-z]*)((?:
(?![^\S
]*[A-Z][^a-z
]*$).*)*)$",174090,30,1.1530785256982985,Harry Potter and the Half-Blood Prince 15.0
6,16.0,-0.10296806658130156,0.06057555047227716,-0.2062844535110473,-0.0019394690521212926,-0.0716648372064744,0.0556151421722927,0.003566705741901455,0.14611985892294,-0.08185676979312254,0.020266519966253997,Harry Potter and the Half-Blood Prince,"^[^\S
]*([A-Z][^a-z]*)((?:
(?![^\S
]*[A-Z][^a-z
]*$).*)*)$",174090,30,1.1530785256982985,Harry Potter and the Half-Blood Prince 16.0
6,17.0,-0.09029491841236993,0.16031538356795977,-0.021203291055763015,-0.2949037893616763,-0.13745774159013216,-0.10870438523348808,0.08703625879586013,0.0755690392925905,0.021113365844327853,-0.07424554288831917,Harry Potter and the Half-Blood Prince,"^[^\S
]*([A-Z][^a-z]*)((?:
(?![^\S
]*[A-Z][^a-z
]*$).*)*)$",174090,30,1.1530785256982985,Harry Potter and the Half-Blood Prince 17.0
6,18.0,-0.021370079635417993,0.24412112025872656,-0.0017270043153323395,-0.20067973249591914,0.057895469210495584,0.03216950064219123,-0.06585667619507854,0.03840504629836881,-0.014007159185220185,0.07565538385504968,Harry Potter and the Half-Blood Prince,"^[^\S
]*([A-Z][^a-z]*)((?:
(?![^\S
]*[A-Z][^a-z
]*$).*)*)$",174090,30,1.1530785256982985,Harry Potter and the Half-Blood Prince 18.0
6,19.0,0.3740595165845163,-0.060916157494113145,0.1761964143589003,0.059480286612121964,-0.09319168547902151,0.06933663217762842,0.1340930908037037,0.011635990791698844,-0.16889891348585334,0.21028820483626828,Harry Potter and the Half-Blood Prince,"^[^\S
]*([A-Z][^a-z]*)((?:
(?![^\S
]*[A-Z][^a-z
]*$).*)*)$",174090,30,1.1530785256982985,Harry Potter and the Half-Blood Prince 19.0
6,20.0,-0.05863202092851385,0.1949946443727768,0.00358126111961447,-0.2952992587856115,-0.1497893394169634,-0.139704865165462,0.1590798393669728,0.09126138289671812,-0.03587792115932399,-0.06111079696721599,Harry Potter and the Half-Blood Prince,"^[^\S
]*([A-Z][^a-z]*)((?:
(?![^\S
]*[A-Z][^a-z
]*$).*)*)$",174090,30,1.1530785256982985,Harry Potter and the Half-Blood Prince 20.0
6,21.0,-0.000796481329319091,0.21680003507078707,0.006285827863299035,-0.23778493840152148,-0.0034211260037209715,0.09393529048823226,0.12465466839856862,-0.03084366582041835,-0.044205890317059904,-0.0005947346024982279,Harry Potter and the Half-Blood Prince,"^[^\S
]*([A-Z][^a-z]*)((?:
(?![^\S
]*[A-Z][^a-z
]*$).*)*)$",174090,30,1.1530785256982985,Harry Potter and the Half-Blood Prince 21.0
6,22.0,0.27349738253003064,-0.11638701636750833,-0.021537544456995347,-0.2042780970893093,-0.06278918106330594,0.0044551981165556545,0.007041928493511967,0.053290014876616616,-0.07256329443918225,-0.047627365249434075,Harry Potter and the Half-Blood Prince,"^[^\S
]*([A-Z][^a-z]*)((?:
(?![^\S
]*[A-Z][^a-z
]*$).*)*)$",174090,30,1.1530785256982985,Harry Potter and the Half-Blood Prince 22.0
6,23.0,-0.16152988962613674,0.07887859358604667,0.10156050677292436,-0.4055859975814573,-0.29483106961837596,-0.16683766698560737,0.09576834767920302,0.03748124375284811,-0.10338853328166586,-0.03826080499446034,Harry Potter and the Half-Blood Prince,"^[^\S
]*([A-Z][^a-z]*)((?:
(?![^\S
]*[A-Z][^a-z
]*$).*)*)$",174090,30,1.1530785256982985,Harry Potter and the Half-Blood Prince 23.0
6,24.0,0.04014798519288043,0.23174313969617866,0.18572099465041184,0.05940400818941813,-0.12719430054466452,0.11929294440103826,0.00726142783794744,0.20948907253195106,-0.06371927620697153,0.0019282176489904546,Harry Potter and the Half-Blood Prince,"^[^\S
]*([A-Z][^a-z]*)((?:
(?![^\S
]*[A-Z][^a-z
]*$).*)*)$",174090,30,1.1530785256982985,Harry Potter and the Half-Blood Prince 24.0
6,25.0,-0.0648222368422528,0.08895544956288101,0.040636220590573285,-0.14152926238871003,0.0036125828134457357,0.040051782599625926,0.08338149850775466,0.1160857684012088,0.011466819265521754,0.03862873346119102,Harry Potter and the Half-Blood Prince,"^[^\S
]*([A-Z][^a-z]*)((?:
(?![^\S
]*[A-Z][^a-z
]*$).*)*)$",174090,30,1.1530785256982985,Harry Potter and the Half-Blood Prince 25.0
6,26.0,-0.1142763217935294,-0.03750934281311656,0.21286708170833513,-0.17973646083901726,-0.03969825532119435,-0.24482626941327137,-0.12606112600135955,-0.04021923631440579,0.2680891212764599,0.04984174485469273,Harry Potter and the Half-Blood Prince,"^[^\S
]*([A-Z][^a-z]*)((?:
(?![^\S
]*[A-Z][^a-z
]*$).*)*)$",174090,30,1.1530785256982985,Harry Potter and the Half-Blood Prince 26.0
6,27.0,-0.09803910394720466,-0.0654025599855584,0.14292460968427634,-0.03277293844690897,-0.13888047063649286,-0.03645294843785607,0.03607265747543722,0.008713321090244655,0.13472876094264225,0.05496264820594925,Harry Potter and the Half-Blood Prince,"^[^\S
]*([A-Z][^a-z]*)((?:
(?![^\S
]*[A-Z][^a-z
]*$).*)*)$",174090,30,1.1530785256982985,Harry Potter and the Half-Blood Prince 27.0
6,28.0,0.1380538022684962,-0.3572662293370171,0.17383789027900806,0.05991393639953141,0.0009770903890528697,-0.04160554856766849,-0.0011527537300404503,0.03154660106963593,0.1499737098890356,0.11397067137020994,Harry Potter and the Half-Blood Prince,"^[^\S
]*([A-Z][^a-z]*)((?:
(?![^\S
]*[A-Z][^a-z
]*$).*)*)$",174090,30,1.1530785256982985,Harry Potter and the Half-Blood Prince 28.0
6,29.0,-0.0010823875963924343,-0.09433361742799422,0.05931412513528996,-0.0867945626097527,0.08058876823723332,0.024555534361083223,0.1746921806185893,0.0468687996085931,-0.03346285941266106,0.11187326144977151,Harry Potter and the Half-Blood Prince,"^[^\S
]*([A-Z][^a-z]*)((?:
(?![^\S
]*[A-Z][^a-z
]*$).*)*)$",174090,30,1.1530785256982985,Harry Potter and the Half-Blood Prince 29.0
6,30.0,-0.05546100374118293,-0.04667438394135414,0.06046364037997443,-0.07758625074475928,0.11089558349830073,0.006385576152369871,-0.003468683635328939,0.22660670479744938,0.006806123580043406,-0.14082100199506142,Harry Potter and the Half-Blood Prince,"^[^\S
]*([A-Z][^a-z]*)((?:
(?![^\S
]*[A-Z][^a-z
]*$).*)*)$",174090,30,1.1530785256982985,Harry Potter and the Half-Blood Prince 30.0
7,1.0,-0.2207393723393086,-0.22827660315796516,0.1077180286349943,-0.05262968939876052,0.02890193440575728,0.032758077146603184,-0.11525843265050642,0.11830706024518954,-0.14339173849617626,-0.05328968704435725,Harry Potter and the Deathly Hallows,"^[^\S
]*([A-Z][^a-z]*)((?:
(?![^\S
]*[A-Z][^a-z
]*$).*)*)$",203859,37,0.8033613358357042,Harry Potter and the Deathly Hallows 1.0
7,2.0,-0.09402286137361668,-0.009201395250477959,-0.21553607337043026,-0.023160215322467176,-0.1193675543614438,0.025204140997029428,0.020815753140476567,0.16289920378978556,-0.007564442059537711,-0.027846517981237627,Harry Potter and the Deathly Hallows,"^[^\S
]*([A-Z][^a-z]*)((?:
(?![^\S
]*[A-Z][^a-z
]*$).*)*)$",203859,37,0.8033613358357042,Harry Potter and the Deathly Hallows 2.0
7,3.0,-0.14742614499762474,-0.05389176576473142,-0.09079780154393714,0.01890524787396585,-0.06714134732485982,-0.0032095386834211795,0.16249965422826673,-0.017069364875651548,0.008360282554490407,0.011776122289510468,Harry Potter and the Deathly Hallows,"^[^\S
]*([A-Z][^a-z]*)((?:
(?![^\S
]*[A-Z][^a-z
]*$).*)*)$",203859,37,0.8033613358357042,Harry Potter and the Deathly Hallows 3.0
7,4.0,-0.03433799887456524,-0.1612360232526018,0.05095841713952161,0.20197951944516018,-0.06329457213965023,0.03013180281070647,-0.11851657550269415,0.028354034161030835,0.13743162620685678,0.04610199444856575,Harry Potter and the Deathly Hallows,"^[^\S
]*([A-Z][^a-z]*)((?:
(?![^\S
]*[A-Z][^a-z
]*$).*)*)$",203859,37,0.8033613358357042,Harry Potter and the Deathly Hallows 4.0
7,5.0,-0.09520700644321278,-0.20155477087428358,-0.017526462370216725,0.1201893381171319,-0.11790181851360303,0.0863218687295339,-0.02886501944526435,0.054732353326776215,0.0790743220758441,0.006297718987621766,Harry Potter and the Deathly Hallows,"^[^\S
]*([A-Z][^a-z]*)((?:
(?![^\S
]*[A-Z][^a-z
]*$).*)*)$",203859,37,0.8033613358357042,Harry Potter and the Deathly Hallows 5.0
7,6.0,-0.12466538515582916,-0.006316085712512374,-0.14899596910233498,-0.029911044999855425,-0.06935100315956855,0.1101366071507962,0.02457164331726485,0.1723233201140963,-0.015962101580983733,0.008986984237425527,Harry Potter and the Deathly Hallows,"^[^\S
]*([A-Z][^a-z]*)((?:
(?![^\S
]*[A-Z][^a-z
]*$).*)*)$",203859,37,0.8033613358357042,Harry Potter and the Deathly Hallows 6.0
7,7.0,0.06694619557948206,-0.038398962747810406,-0.16998367770077394,0.05139364605771266,-0.10017569375913593,0.06414216358720705,-0.04792691145447521,0.19273656454449153,-0.013657686676829098,-0.03137728468789587,Harry Potter and the Deathly Hallows,"^[^\S
]*([A-Z][^a-z]*)((?:
(?![^\S
]*[A-Z][^a-z
]*$).*)*)$",203859,37,0.8033613358357042,Harry Potter and the Deathly Hallows 7.0
7,8.0,-0.1097197335015204,0.009074567500191137,-0.0418161103541898,0.008391676236682738,0.05512668207016742,-0.04274731314938853,0.06004899507363763,0.19839789838352287,-0.03159456158445445,-0.03114771884902569,Harry Potter and the Deathly Hallows,"^[^\S
]*([A-Z][^a-z]*)((?:
(?![^\S
]*[A-Z][^a-z
]*$).*)*)$",203859,37,0.8033613358357042,Harry Potter and the Deathly Hallows 8.0
7,9.0,-0.2048888986090229,-0.18372441674078627,0.07140071383501863,0.051887098750168205,0.023778533293944425,0.0005898514903572259,-0.07550831974958573,0.0882160455887414,0.21139456613102092,0.05294112589750366,Harry Potter and the Deathly Hallows,"^[^\S
]*([A-Z][^a-z]*)((?:
(?![^\S
]*[A-Z][^a-z
]*$).*)*)$",203859,37,0.8033613358357042,Harry Potter and the Deathly Hallows 9.0
7,10.0,-0.21885713600143733,-0.0918869252461598,-0.09821685929394877,-0.045717380906319244,-0.19552731735427747,0.10769425942533781,0.022935980026776385,-0.14431841253959332,-0.12674321171614952,0.23836265872263118,Harry Potter and the Deathly Hallows,"^[^\S
]*([A-Z][^a-z]*)((?:
(?![^\S
]*[A-Z][^a-z
]*$).*)*)$",203859,37,0.8033613358357042,Harry Potter and the Deathly Hallows 10.0
7,11.0,-0.21677274291338094,-0.11878138358352804,-0.13133472820448167,-0.00875273887147641,-0.13307537118428583,0.12297376609266093,0.05915560318054442,0.0487182183337495,-0.03775759130508279,0.11920474886381988,Harry Potter and the Deathly Hallows,"^[^\S
]*([A-Z][^a-z]*)((?:
(?![^\S
]*[A-Z][^a-z
]*$).*)*)$",203859,37,0.8033613358357042,Harry Potter and the Deathly Hallows 11.0
7,12.0,-0.16258993186970655,-0.009440405535739427,-0.15059712896403463,0.013767507539712094,0.010573450243635991,0.05030725177674007,0.008229860591763456,0.09157668181806675,0.047113506319793455,0.12506500998354922,Harry Potter and the Deathly Hallows,"^[^\S
]*([A-Z][^a-z]*)((?:
(?![^\S
]*[A-Z][^a-z
]*$).*)*)$",203859,37,0.8033613358357042,Harry Potter and the Deathly Hallows 12.0
7,13.0,-0.14940692437124742,-0.06548634600798517,-0.0012183212479608355,0.06107162783288735,0.1424360288882391,-0.005729517689379064,0.24350693100980433,-0.1592925376649552,0.14107611086243477,-0.0406416355823129,Harry Potter and the Deathly Hallows,"^[^\S
]*([A-Z][^a-z]*)((?:
(?![^\S
]*[A-Z][^a-z
]*$).*)*)$",203859,37,0.8033613358357042,Harry Potter and the Deathly Hallows 13.0
7,14.0,-0.14111427592437226,-0.13038915814607938,0.024549111847707996,-0.01601202482944391,0.0036085092972303646,0.06914926467143617,-0.04882515249847592,0.008414560974174755,-0.003223770787068885,-0.14383062469610064,Harry Potter and the Deathly Hallows,"^[^\S
]*([A-Z][^a-z]*)((?:
(?![^\S
]*[A-Z][^a-z
]*$).*)*)$",203859,37,0.8033613358357042,Harry Potter and the Deathly Hallows 14.0
7,15.0,-0.13371981502652713,-0.10503316044910554,0.01879734401356327,-0.01451310124988663,0.029779765794607616,0.1198267409599359,0.14795584980555054,-0.02228474951404257,-0.019056061101325416,-0.11780648717667114,Harry Potter and the Deathly Hallows,"^[^\S
]*([A-Z][^a-z]*)((?:
(?![^\S
]*[A-Z][^a-z
]*$).*)*)$",203859,37,0.8033613358357042,Harry Potter and the Deathly Hallows 15.0
7,16.0,-0.16029417500475007,-0.04651988722996764,-0.06838526452568106,-0.07293434471495228,-0.033311803997876144,0.11124412114652772,0.06988230340871855,0.16937693627120248,-0.0010668978212947534,-0.09178040780709094,Harry Potter and the Deathly Hallows,"^[^\S
]*([A-Z][^a-z]*)((?:
(?![^\S
]*[A-Z][^a-z
]*$).*)*)$",203859,37,0.8033613358357042,Harry Potter and the Deathly Hallows 16.0
7,17.0,-0.2689046976848552,-0.26446716337046283,0.1597799367850891,-0.03873971822588803,0.10044904713411383,0.041752074363002184,-0.33499158257944783,-0.052843648194617426,-0.31426784885225434,0.008809730404060566,Harry Potter and the Deathly Hallows,"^[^\S
]*([A-Z][^a-z]*)((?:
(?![^\S
]*[A-Z][^a-z
]*$).*)*)$",203859,37,0.8033613358357042,Harry Potter and the Deathly Hallows 17.0
7,18.0,-0.1572418670125747,-0.08389542904559895,-0.1751040999226308,-0.06019317321794066,-0.1594208318103706,0.08760316987220705,0.11356401102977315,0.09933672920664818,-0.0984341701074339,0.07518451571150879,Harry Potter and the Deathly Hallows,"^[^\S
]*([A-Z][^a-z]*)((?:
(?![^\S
]*[A-Z][^a-z
]*$).*)*)$",203859,37,0.8033613358357042,Harry Potter and the Deathly Hallows 18.0
7,19.0,-0.13623479543573283,-0.21095768010662447,0.16505766146920287,-0.025902963803317525,0.07242777968489855,0.047836472962775274,-0.059022309200740655,-0.001170688949520991,-0.008503258957976899,-0.24934452977503183,Harry Potter and the Deathly Hallows,"^[^\S
]*([A-Z][^a-z]*)((?:
(?![^\S
]*[A-Z][^a-z
]*$).*)*)$",203859,37,0.8033613358357042,Harry Potter and the Deathly Hallows 19.0
7,20.0,-0.10993722353191898,-0.002448303674310249,-0.10947050409854976,-0.006705302228613494,-0.04427932786013633,0.10334194296306867,-0.03675551881841081,0.11961459507840033,0.042811190337364476,-0.12141696302921046,Harry Potter and the Deathly Hallows,"^[^\S
]*([A-Z][^a-z]*)((?:
(?![^\S
]*[A-Z][^a-z
]*$).*)*)$",203859,37,0.8033613358357042,Harry Potter and the Deathly Hallows 20.0
7,21.0,-0.16137510255010143,-0.09979035538259665,-0.10566241988475975,0.029147071034802862,-0.08436886285004612,0.01681186520565452,0.025146961836395053,0.08599906013927566,0.02229143307821805,0.1543521145494435,Harry Potter and the Deathly Hallows,"^[^\S
]*([A-Z][^a-z]*)((?:
(?![^\S
]*[A-Z][^a-z
]*$).*)*)$",203859,37,0.8033613358357042,Harry Potter and the Deathly Hallows 21.0
7,22.0,-0.17851076197889248,-0.09825458355665942,-0.05958091015912295,-0.07134101558885261,-0.10261865698935613,0.12316017868131732,0.1671280820552583,0.08410693125438087,-0.03178087567873804,0.08415052809930651,Harry Potter and the Deathly Hallows,"^[^\S
]*([A-Z][^a-z]*)((?:
(?![^\S
]*[A-Z][^a-z
]*$).*)*)$",203859,37,0.8033613358357042,Harry Potter and the Deathly Hallows 22.0
7,23.0,-0.21494928679650505,-0.22250274637758827,0.16186127427788394,0.054355722478725305,0.021640051199451477,0.04633703756504177,-0.04379980225795347,0.06582621930385885,0.14335077608834987,0.011114259512118068,Harry Potter and the Deathly Hallows,"^[^\S
]*([A-Z][^a-z]*)((?:
(?![^\S
]*[A-Z][^a-z
]*$).*)*)$",203859,37,0.8033613358357042,Harry Potter and the Deathly Hallows 23.0
7,24.0,-0.20485396855058496,-0.19375348489473795,0.02066234293307843,-0.01476870409522028,-0.0508380509337419,0.027414704888209303,-0.018464386284891093,0.11515613542042599,0.10204466657679508,0.0003282194573876046,Harry Potter and the Deathly Hallows,"^[^\S
]*([A-Z][^a-z]*)((?:
(?![^\S
]*[A-Z][^a-z
]*$).*)*)$",203859,37,0.8033613358357042,Harry Potter and the Deathly Hallows 24.0
7,25.0,-0.1452042952197847,-0.030976334992768917,-0.14566451510138467,-0.006003296684394966,-0.10995434406495656,0.10607741483169084,-0.04816082894134301,0.12250572219589265,-0.0538661768193942,0.023224186444807844,Harry Potter and the Deathly Hallows,"^[^\S
]*([A-Z][^a-z]*)((?:
(?![^\S
]*[A-Z][^a-z
]*$).*)*)$",203859,37,0.8033613358357042,Harry Potter and the Deathly Hallows 25.0
7,26.0,-0.07075562165657691,-0.15690828100952955,0.08727652510615874,0.027946280088020026,-0.006619728423775617,-0.005095600521062099,-0.13894725703934202,0.21852305087122256,0.33706378744808535,-0.012292743031605685,Harry Potter and the Deathly Hallows,"^[^\S
]*([A-Z][^a-z]*)((?:
(?![^\S
]*[A-Z][^a-z
]*$).*)*)$",203859,37,0.8033613358357042,Harry Potter and the Deathly Hallows 26.0
7,27.0,-0.0550188395858123,-0.1977266702886913,0.12204374017649092,0.0047517275339145956,-0.006352500058604353,-0.03216823236303058,-0.19338429920320907,0.19906678754805485,0.30848157795642284,-0.030377444111007294,Harry Potter and the Deathly Hallows,"^[^\S
]*([A-Z][^a-z]*)((?:
(?![^\S
]*[A-Z][^a-z
]*$).*)*)$",203859,37,0.8033613358357042,Harry Potter and the Deathly Hallows 27.0
7,28.0,-0.11402613555991,-0.16527090814120074,-0.0880810694022663,0.06546147556819197,-0.07673582812287079,-0.016978601890867952,0.1927872640841512,-0.040013802092186704,0.15737666040450315,0.13404942258471395,Harry Potter and the Deathly Hallows,"^[^\S
]*([A-Z][^a-z]*)((?:
(?![^\S
]*[A-Z][^a-z
]*$).*)*)$",203859,37,0.8033613358357042,Harry Potter and the Deathly Hallows 28.0
7,29.0,-0.09381380173561732,-0.10570980540177188,0.06511329300717446,0.015093781358369165,0.08506542747759678,0.007898642093481022,-0.004173662776560519,0.10124215073236406,0.05140069324042214,0.011804939945510164,Harry Potter and the Deathly Hallows,"^[^\S
]*([A-Z][^a-z]*)((?:
(?![^\S
]*[A-Z][^a-z
]*$).*)*)$",203859,37,0.8033613358357042,Harry Potter and the Deathly Hallows 29.0
7,30.0,-0.13950727652734815,-0.09367456104985042,0.13763958900940562,0.012541648023511185,0.04695169179411932,0.039960393886192894,0.075831063765331,0.08251137774967332,0.0875129159026248,0.18883294258700858,Harry Potter and the Deathly Hallows,"^[^\S
]*([A-Z][^a-z]*)((?:
(?![^\S
]*[A-Z][^a-z
]*$).*)*)$",203859,37,0.8033613358357042,Harry Potter and the Deathly Hallows 30.0
7,31.0,-0.05533757437675269,-0.19865934374523597,0.19968791467181865,0.035892821868303164,0.05309959690255212,0.008471888059034781,0.02017676923945137,0.07829405506238188,0.08874352683518696,-0.010652508040852052,Harry Potter and the Deathly Hallows,"^[^\S
]*([A-Z][^a-z]*)((?:
(?![^\S
]*[A-Z][^a-z
]*$).*)*)$",203859,37,0.8033613358357042,Harry Potter and the Deathly Hallows 31.0
7,32.0,-0.23473615394024883,-0.32033072881345437,0.2816942939976481,-0.04446298535141577,0.14287114496616443,0.06948597006425772,-0.12823362403748811,-0.12726873177263215,-0.20649161898354654,-0.005087189706132234,Harry Potter and the Deathly Hallows,"^[^\S
]*([A-Z][^a-z]*)((?:
(?![^\S
]*[A-Z][^a-z
]*$).*)*)$",203859,37,0.8033613358357042,Harry Potter and the Deathly Hallows 32.0
7,33.0,-0.17534115788820312,-0.13374441213282354,0.057194020246997546,-0.05903066511537691,0.04013844154037319,0.06302557432127295,0.15315932209198227,0.06690299901392188,-0.08380423437801443,-0.06039279777422859,Harry Potter and the Deathly Hallows,"^[^\S
]*([A-Z][^a-z]*)((?:
(?![^\S
]*[A-Z][^a-z
]*$).*)*)$",203859,37,0.8033613358357042,Harry Potter and the Deathly Hallows 33.0
7,34.0,-0.1776093577198276,-0.30209887372605526,0.21573715921838868,-0.07807618019021564,0.09307512633315913,0.05626251736537745,-0.059688162432515346,-0.07518299518434737,-0.2373074091664531,-0.17067404323744256,Harry Potter and the Deathly Hallows,"^[^\S
]*([A-Z][^a-z]*)((?:
(?![^\S
]*[A-Z][^a-z
]*$).*)*)$",203859,37,0.8033613358357042,Harry Potter and the Deathly Hallows 34.0
7,35.0,-0.20934008157979925,-0.19708913708331616,0.01072969391120891,-0.13132450783416044,-0.13010197557803688,0.036125083886700944,0.2145585928612653,0.12294479662745397,-0.15012339659707377,0.07829168374491176,Harry Potter and the Deathly Hallows,"^[^\S
]*([A-Z][^a-z]*)((?:
(?![^\S
]*[A-Z][^a-z
]*$).*)*)$",203859,37,0.8033613358357042,Harry Potter and the Deathly Hallows 35.0
7,36.0,-0.17020954275218714,-0.2834910748658099,0.24293309557225556,-0.09291636340451805,0.04377553746068581,0.03979882440774596,0.05921763171438586,0.006516418199230996,-0.16359786510325847,0.06668873077583079,Harry Potter and the Deathly Hallows,"^[^\S
]*([A-Z][^a-z]*)((?:
(?![^\S
]*[A-Z][^a-z
]*$).*)*)$",203859,37,0.8033613358357042,Harry Potter and the Deathly Hallows 36.0
7,37.0,-0.0639036963624382,-0.0006103108752835429,-0.1795634992465841,0.2249310837994705,0.11160724519149767,-0.3757588210167213,0.10471333397535049,0.0033563220221425015,-0.17190669343767384,0.00831481042053973,Harry Potter and the Deathly Hallows,"^[^\S
]*([A-Z][^a-z]*)((?:
(?![^\S
]*[A-Z][^a-z
]*$).*)*)$",203859,37,0.8033613358357042,Harry Potter and the Deathly Hallows 37.0
